"","state","county","fips_code","location","area_in_sq_mi","population","housing_units","households","ppl_below_150_percent_poverty","bipoc_residents","households_with_no_vehicle","percent_of_overcrowded_housing_units","people_25_w_o_high_school_diploma","perc_below_150_percent_poverty","perc_bipoc_residents","perc_w_o_high_school_diploma","perc_hh_no_vehicle","overcrowded_housing_units"
"1","North Carolina","Wake County","37183050100","Census Tract 501; Wake County; North Carolina",0.827994967,5386,3422,2743,467,2121,166,0.8,335,0.0867062755291497,0.393798737467508,0.0621982918678054,0.0605176813707619,2737.6
"2","North Carolina","Wake County","37183050300","Census Tract 503; Wake County; North Carolina",0.40158971,3447,2671,2301,569,591,311,0,20,0.16507107629823,0.171453437771976,0.0058021467943139,0.13515862668405,0
"3","North Carolina","Wake County","37183050400","Census Tract 504; Wake County; North Carolina",0.712772864,1875,913,887,326,514,107,0,7,0.173866666666667,0.274133333333333,0.00373333333333333,0.120631341600902,0
"4","North Carolina","Wake County","37183050500","Census Tract 505; Wake County; North Carolina",1.301868376,4072,2210,2040,809,1761,72,3.2,174,0.198673870333988,0.432465618860511,0.0427308447937132,0.0352941176470588,7072
"5","North Carolina","Wake County","37183050600","Census Tract 506; Wake County; North Carolina",0.631121557,3310,1245,1004,563,1781,103,0,196,0.170090634441088,0.538066465256798,0.059214501510574,0.102589641434263,0
"6","North Carolina","Wake County","37183050700","Census Tract 507; Wake County; North Carolina",0.742915847,3506,1601,1444,1393,2667,272,1.9,524,0.397318881916714,0.760695949800342,0.149458071876783,0.188365650969529,3041.9
"7","North Carolina","Wake County","37183050800","Census Tract 508; Wake County; North Carolina",0.855964196,3740,989,816,850,2499,220,2.3,795,0.227272727272727,0.668181818181818,0.212566844919786,0.269607843137255,2274.7
"8","North Carolina","Wake County","37183050900","Census Tract 509; Wake County; North Carolina",0.730846298,2578,1037,892,961,1967,291,3,219,0.372769588828549,0.76299456943367,0.0849495733126455,0.326233183856502,3111
"9","North Carolina","Wake County","37183051000","Census Tract 510; Wake County; North Carolina",0.375743269,2599,1742,1517,658,662,203,1.8,50,0.253174297806849,0.254713351288957,0.0192381685263563,0.133816743572841,3135.6
"10","North Carolina","Wake County","37183051101","Census Tract 511.01; Wake County; North Carolina",0.631529281,5068,582,523,684,1848,77,4.3,155,0.134964483030781,0.364640883977901,0.0305840568271507,0.147227533460803,2502.6
"11","North Carolina","Wake County","37183051102","Census Tract 511.02; Wake County; North Carolina",0.671349138,4534,66,54,64,1432,4,0,247,0.0141155712395236,0.315835906484341,0.0544772827525364,0.0740740740740741,0
"12","North Carolina","Wake County","37183051200","Census Tract 512; Wake County; North Carolina",0.723113833,4429,2746,2440,1082,775,158,1.7,30,0.244298938812373,0.174983066154888,0.00677353804470535,0.0647540983606557,4668.2
"13","North Carolina","Wake County","37183051400","Census Tract 514; Wake County; North Carolina",1.118291547,4753,2379,2065,1185,713,70,0,165,0.249316221333894,0.150010519671786,0.0347149168945929,0.0338983050847458,0
"14","North Carolina","Wake County","37183051501","Census Tract 515.01; Wake County; North Carolina",1.454312257,3869,1494,1359,232,570,0,0.8,34,0.0599638149392608,0.147324890152494,0.0087878004652365,0,1195.2
"15","North Carolina","Wake County","37183051502","Census Tract 515.02; Wake County; North Carolina",1.033069955,2144,1236,945,162,239,80,0,40,0.0755597014925373,0.111473880597015,0.0186567164179104,0.0846560846560847,0
"16","North Carolina","Wake County","37183051600","Census Tract 516; Wake County; North Carolina",1.525764293,4840,2196,2058,271,230,23,0.5,13,0.0559917355371901,0.0475206611570248,0.00268595041322314,0.011175898931001,1098
"17","North Carolina","Wake County","37183051700","Census Tract 517; Wake County; North Carolina",1.907449672,3786,1666,1538,130,207,9,2.2,28,0.0343370311674591,0.054675118858954,0.00739566825145272,0.005851755526658,3665.2
"18","North Carolina","Wake County","37183051800","Census Tract 518; Wake County; North Carolina",1.460409965,5626,2498,2323,588,771,93,1.6,88,0.104514752932812,0.137042303590473,0.0156416637042304,0.0400344382264313,3996.8
"19","North Carolina","Wake County","37183051900","Census Tract 519; Wake County; North Carolina",1.700651124,5163,2088,1948,1773,3357,162,3,568,0.343404997094712,0.650203370133643,0.11001355800891,0.0831622176591376,6264
"20","North Carolina","Wake County","37183052001","Census Tract 520.01; Wake County; North Carolina",1.312885411,4019,1623,1473,2139,3469,292,0.1,281,0.532221945757651,0.863150037322717,0.0699178900223936,0.198234894772573,162.3
"21","North Carolina","Wake County","37183052002","Census Tract 520.02; Wake County; North Carolina",1.493474196,5709,2022,1926,1657,5194,199,4.8,599,0.290243475214573,0.909791557190401,0.104922052898932,0.103322949117342,9705.6
"22","North Carolina","Wake County","37183052101","Census Tract 521.01; Wake County; North Carolina",2.923327663,8932,3315,3151,2853,7717,271,1.4,1055,0.319413345275414,0.86397223466189,0.118114643976713,0.0860044430339575,4641
"23","North Carolina","Wake County","37183052102","Census Tract 521.02; Wake County; North Carolina",1.670603122,7002,2137,2005,1800,6688,306,4.1,727,0.25706940874036,0.955155669808626,0.103827477863468,0.152618453865337,8761.7
"24","North Carolina","Wake County","37183052303","Census Tract 523.03; Wake County; North Carolina",0.447715771,3739,1430,1240,1668,1082,69,0,48,0.446108585183204,0.289382187750735,0.0128376571275742,0.0556451612903226,0
"25","North Carolina","Wake County","37183052304","Census Tract 523.04; Wake County; North Carolina",0.50849479,2944,1217,1029,1241,1201,37,3.6,44,0.421535326086957,0.407948369565217,0.014945652173913,0.0359572400388727,4381.2
"26","North Carolina","Wake County","37183052305","Census Tract 523.05; Wake County; North Carolina",2.743587916,1942,1158,869,468,703,62,1.3,96,0.240988671472709,0.361997940267765,0.0494335736354274,0.0713463751438435,1505.4
"27","North Carolina","Wake County","37183052306","Census Tract 523.06; Wake County; North Carolina",0.359478337,928,646,456,219,213,0,0,0,0.235991379310345,0.229525862068966,0,0,0
"28","North Carolina","Wake County","37183052307","Census Tract 523.07; Wake County; North Carolina",1.190435092,5502,2736,2398,1864,1890,67,0,23,0.338785896037804,0.343511450381679,0.00418029807342784,0.0279399499582986,0
"29","North Carolina","Wake County","37183052401","Census Tract 524.01; Wake County; North Carolina",5.112822144,6263,3261,2899,1044,1746,19,1.9,97,0.166693277981798,0.278780137314386,0.0154877854063548,0.00655398413245947,6195.9
"30","North Carolina","Wake County","37183052404","Census Tract 524.04; Wake County; North Carolina",1.232656118,3449,1529,1381,914,962,136,3.8,118,0.265004349086692,0.278921426500435,0.0342128153087852,0.0984793627805938,5810.2
"31","North Carolina","Wake County","37183052407","Census Tract 524.07; Wake County; North Carolina",1.387240162,4783,2294,2093,716,2161,228,1.7,311,0.149696842985574,0.451808488396404,0.0650219527493205,0.108934543717152,3899.8
"32","North Carolina","Wake County","37183052408","Census Tract 524.08; Wake County; North Carolina",0.404848024,3277,1377,1160,1690,1851,104,3.6,288,0.515715593530668,0.564845895636253,0.0878852609093683,0.0896551724137931,4957.2
"33","North Carolina","Wake County","37183052409","Census Tract 524.09; Wake County; North Carolina",0.426501783,3995,1548,1204,2006,2470,266,7.2,175,0.502127659574468,0.618272841051314,0.0438047559449312,0.22093023255814,11145.6
"34","North Carolina","Wake County","37183052410","Census Tract 524.10; Wake County; North Carolina",0.374739018,1345,704,555,465,682,0,7.2,140,0.345724907063197,0.507063197026022,0.104089219330855,0,5068.8
"35","North Carolina","Wake County","37183052411","Census Tract 524.11; Wake County; North Carolina",1.060846133,5314,3056,2687,1230,2649,161,3.3,423,0.231464057207377,0.49849454271735,0.0796010538200979,0.0599181243021958,10084.8
"36","North Carolina","Wake County","37183052504","Census Tract 525.04; Wake County; North Carolina",2.270003697,6678,4333,3832,842,1468,289,0.4,24,0.126085654387541,0.219826295297993,0.00359389038634322,0.0754175365344468,1733.2
"37","North Carolina","Wake County","37183052505","Census Tract 525.05; Wake County; North Carolina",1.322190469,4720,2589,2231,508,1340,133,0.8,265,0.107627118644068,0.283898305084746,0.0561440677966102,0.0596145226355894,2071.2
"38","North Carolina","Wake County","37183052506","Census Tract 525.06; Wake County; North Carolina",1.118112396,2276,1389,1204,166,327,119,0,30,0.0729349736379613,0.143673110720562,0.0131810193321617,0.0988372093023256,0
"39","North Carolina","Wake County","37183052507","Census Tract 525.07; Wake County; North Carolina",0.99973777,3002,1404,1269,295,966,119,0.6,75,0.0982678214523651,0.321785476349101,0.024983344437042,0.0937746256895193,842.4
"40","North Carolina","Wake County","37183052508","Census Tract 525.08; Wake County; North Carolina",1.24731448,3658,1888,1763,623,1180,133,0,58,0.170311645708037,0.32258064516129,0.0158556588299617,0.0754395916052184,0
"41","North Carolina","Wake County","37183052509","Census Tract 525.09; Wake County; North Carolina",1.8432884,3303,2055,1673,929,760,92,1.3,148,0.281259461095973,0.230093854072056,0.0448077505298214,0.054991034070532,2671.5
"42","North Carolina","Wake County","37183052601","Census Tract 526.01; Wake County; North Carolina",1.280756704892,3543,1435,1323,201,361,16,0,26,0.056731583403895,0.10189105278013,0.00733841377363816,0.0120937263794407,0
"43","North Carolina","Wake County","37183052602","Census Tract 526.02; Wake County; North Carolina",1.310472659,3963,3079,2142,475,695,313,1.4,117,0.119858692909412,0.175372192783245,0.0295230885692657,0.146125116713352,4310.6
"44","North Carolina","Wake County","37183052603","Census Tract 526.03; Wake County; North Carolina",1.198713119,3470,1943,1690,298,592,18,0.5,0,0.085878962536023,0.170605187319885,0,0.0106508875739645,971.5
"45","North Carolina","Wake County","37183052701","Census Tract 527.01; Wake County; North Carolina",2.632446911,6598,3517,3230,1535,3835,325,5.3,1145,0.232646256441346,0.581236738405577,0.173537435586541,0.10061919504644,18640.1
"46","North Carolina","Wake County","37183052704","Census Tract 527.04; Wake County; North Carolina",1.128325952,5665,2790,2404,2447,4996,198,3.6,1074,0.431950573698146,0.881906443071492,0.189585172109444,0.0823627287853577,10044
"47","North Carolina","Wake County","37183052705","Census Tract 527.05; Wake County; North Carolina",1.774542553,5046,2763,2103,1423,3008,116,7.2,622,0.282005548949663,0.59611573523583,0.123265953230281,0.0551592962434617,19893.6
"48","North Carolina","Wake County","37183052706","Census Tract 527.06; Wake County; North Carolina",2.428978493,4366,1726,1559,1180,3222,122,10.4,403,0.27027027027027,0.737975263398992,0.092304168575355,0.0782552918537524,17950.4
"49","North Carolina","Wake County","37183052707","Census Tract 527.07; Wake County; North Carolina",2.340143372492,6117,2608,2488,1325,3996,114,0,404,0.216609449076345,0.653261402648357,0.0660454471145987,0.0458199356913183,0
"50","North Carolina","Wake County","37183052801","Census Tract 528.01; Wake County; North Carolina",2.731330336,5646,2424,2164,628,2238,55,1.1,117,0.111229188806235,0.396386822529224,0.0207226354941552,0.0254158964879852,2666.4
"51","North Carolina","Wake County","37183052802","Census Tract 528.02; Wake County; North Carolina",3.000855401,6274,2483,2386,1144,3018,71,1,244,0.182339815109978,0.481032833917756,0.0388906598661141,0.0297569153394803,2483
"52","North Carolina","Wake County","37183052807","Census Tract 528.07; Wake County; North Carolina",16.29278278,7937,2980,2967,787,5523,96,1.3,322,0.0991558523371551,0.695854856998866,0.0405694846919491,0.032355915065723,3874
"53","North Carolina","Wake County","37183052809","Census Tract 528.09; Wake County; North Carolina",6.848828242,2481,988,902,473,1240,0,1.8,238,0.190648931882306,0.499798468359532,0.0959290608625554,0,1778.4
"54","North Carolina","Wake County","37183052810","Census Tract 528.10; Wake County; North Carolina",2.487160975,9318,2840,2840,1774,8599,0,3,706,0.190384202618588,0.922837518780854,0.0757673320455033,0,8520
"55","North Carolina","Wake County","37183052811","Census Tract 528.11; Wake County; North Carolina",4.395967796,9740,3234,3234,3197,8988,63,9,913,0.3282340862423,0.922792607802875,0.0937371663244353,0.0194805194805195,29106
"56","North Carolina","Wake County","37183052812","Census Tract 528.12; Wake County; North Carolina",2.436678525042,3554,1659,1523,545,919,31,1,42,0.153348339898706,0.258581879572313,0.0118176702307259,0.0203545633617859,1659
"57","North Carolina","Wake County","37183052813","Census Tract 528.13; Wake County; North Carolina",6.128260365,3242,1614,1456,924,1334,39,0,111,0.285009253547193,0.411474398519432,0.0342381246144355,0.0267857142857143,0
"58","North Carolina","Wake County","37183052814","Census Tract 528.14; Wake County; North Carolina",4.14178372185,4082,1582,1490,359,1965,180,1.5,175,0.0879470847623714,0.481381675649192,0.0428711415972562,0.120805369127517,2373
"59","North Carolina","Wake County","37183052815","Census Tract 528.15; Wake County; North Carolina",4.265387327,5545,2230,2074,1281,2942,75,4.3,479,0.231018935978359,0.530568079350766,0.0863841298467087,0.0361620057859209,9589
"60","North Carolina","Wake County","37183052816","Census Tract 528.16; Wake County; North Carolina",2.184709904,7294,2254,2207,1294,6963,88,1,391,0.177406087194955,0.954620235810255,0.0536057033177954,0.0398731309469869,2254
"61","North Carolina","Wake County","37183052901","Census Tract 529.01; Wake County; North Carolina",8.012169012,2822,1041,962,443,791,31,3.3,177,0.156980864635011,0.280297661233168,0.0627214741318214,0.0322245322245322,3435.3
"62","North Carolina","Wake County","37183052902","Census Tract 529.02; Wake County; North Carolina",9.073081941,7645,2683,2625,759,2335,49,1.2,597,0.0992805755395683,0.305428384565075,0.0780902550686723,0.0186666666666667,3219.6
"63","North Carolina","Wake County","37183052903","Census Tract 529.03; Wake County; North Carolina",4.90612823,3632,1375,1324,123,1175,47,4.5,82,0.0338656387665198,0.323513215859031,0.0225770925110132,0.0354984894259819,6187.5
"64","North Carolina","Wake County","37183052905","Census Tract 529.05; Wake County; North Carolina",4.53915797,3622,1442,1434,290,930,0,2.5,85,0.0800662617338487,0.256764218663722,0.0234676974047488,0,3605
"65","North Carolina","Wake County","37183052906","Census Tract 529.06; Wake County; North Carolina",6.047026435,5185,1778,1778,764,2162,16,0,219,0.147348119575699,0.416972034715526,0.0422372227579556,0.00899887514060742,0
"66","North Carolina","Wake County","37183053003","Census Tract 530.03; Wake County; North Carolina",2.399280685,5328,3098,2405,818,1892,50,7.1,286,0.153528528528529,0.355105105105105,0.0536786786786787,0.0207900207900208,21995.8
"67","North Carolina","Wake County","37183053004","Census Tract 530.04; Wake County; North Carolina",1.092178697,2667,1268,1177,289,468,15,0,18,0.108361454818148,0.175478065241845,0.00674915635545557,0.0127442650807137,0
"68","North Carolina","Wake County","37183053005","Census Tract 530.05; Wake County; North Carolina",3.214009574,4622,1738,1699,130,726,34,0,48,0.0281263522284725,0.157074859368239,0.0103851146689745,0.0200117716303708,0
"69","North Carolina","Wake County","37183053006","Census Tract 530.06; Wake County; North Carolina",3.683087982,3177,1337,1307,55,269,0,0,33,0.0173119294932326,0.0846710733396286,0.0103871576959396,0,0
"70","North Carolina","Wake County","37183053007","Census Tract 530.07; Wake County; North Carolina",5.024485095,3615,1381,1340,177,522,23,0.4,9,0.0489626556016598,0.144398340248963,0.0024896265560166,0.0171641791044776,552.4
"71","North Carolina","Wake County","37183053009","Census Tract 530.09; Wake County; North Carolina",11.30862796,8694,3804,3357,1091,2739,86,0,294,0.125488842880147,0.315044858523119,0.0338164251207729,0.0256181114089961,0
"72","North Carolina","Wake County","37183053010","Census Tract 530.10; Wake County; North Carolina",8.422861848,5199,1884,1884,454,1258,17,0,228,0.0873244854779765,0.241969609540296,0.0438545874206578,0.00902335456475584,0
"73","North Carolina","Wake County","37183053011","Census Tract 530.11; Wake County; North Carolina",1.351127655,3914,2286,1888,485,1122,42,3,356,0.123914154317833,0.286663260091978,0.0909555442003066,0.0222457627118644,6858
"74","North Carolina","Wake County","37183053105","Census Tract 531.05; Wake County; North Carolina",3.038170228,4721,2119,1852,506,1669,61,3.1,212,0.107180682058886,0.353526795170515,0.0449057403092565,0.0329373650107991,6568.9
"75","North Carolina","Wake County","37183053106","Census Tract 531.06; Wake County; North Carolina",3.020114941,4125,1691,1565,1064,1115,142,0.5,262,0.257939393939394,0.27030303030303,0.0635151515151515,0.0907348242811502,845.5
"76","North Carolina","Wake County","37183053109","Census Tract 531.09; Wake County; North Carolina",13.06026038,11910,3983,3915,2217,3535,51,5.8,287,0.186146095717884,0.296809403862301,0.0240973971452561,0.0130268199233716,23101.4
"77","North Carolina","Wake County","37183053110","Census Tract 531.10; Wake County; North Carolina",11.23313035,6830,2315,2208,1090,2180,51,0,103,0.159590043923865,0.319180087847731,0.0150805270863836,0.0230978260869565,0
"78","North Carolina","Wake County","37183053111","Census Tract 531.11; Wake County; North Carolina",6.299813206,6149,2253,2129,596,1744,54,0,195,0.096926329484469,0.283623353390795,0.0317124735729387,0.0253640206669798,0
"79","North Carolina","Wake County","37183053112","Census Tract 531.12; Wake County; North Carolina",5.29351981,5743,2412,2412,803,1433,94,0.6,284,0.139822392477799,0.249521156190145,0.0494515061814383,0.038971807628524,1447.2
"80","North Carolina","Wake County","37183053113","Census Tract 531.13; Wake County; North Carolina",3.823488183,5337,1914,1806,802,2293,78,1.7,205,0.150271688214353,0.429642121041784,0.0384110923739929,0.0431893687707641,3253.8
"81","North Carolina","Wake County","37183053114","Census Tract 531.14; Wake County; North Carolina",6.936230538,7680,2545,2530,399,2968,133,0.6,387,0.051953125,0.386458333333333,0.050390625,0.0525691699604743,1527
"82","North Carolina","Wake County","37183053115","Census Tract 531.15; Wake County; North Carolina",6.270537408,2134,813,761,504,441,13,1.4,93,0.236176194939082,0.206654170571696,0.0435801312089972,0.0170827858081472,1138.2
"83","North Carolina","Wake County","37183053202","Census Tract 532.02; Wake County; North Carolina",2.742606831,5635,1804,1682,532,551,48,0,415,0.0944099378881988,0.0977817213842058,0.0736468500443656,0.0285374554102259,0
"84","North Carolina","Wake County","37183053203","Census Tract 532.03; Wake County; North Carolina",2.921404103,9675,3314,3245,1133,2966,10,1.4,186,0.117105943152455,0.30656330749354,0.0192248062015504,0.00308166409861325,4639.6
"85","North Carolina","Wake County","37183053204","Census Tract 532.04; Wake County; North Carolina",1.470983369,5324,2252,2057,695,1811,56,0,229,0.130540946656649,0.340157776108189,0.0430127723516153,0.0272241127856101,0
"86","North Carolina","Wake County","37183053205","Census Tract 532.05; Wake County; North Carolina",3.181577392,5583,2232,1999,454,1055,38,0.7,78,0.0813182876589647,0.188966505463013,0.0139709833422891,0.0190095047523762,1562.4
"87","North Carolina","Wake County","37183053206","Census Tract 532.06; Wake County; North Carolina",5.585890916,5866,2010,1981,536,2230,102,0.9,210,0.0913740197749744,0.380156836004091,0.035799522673031,0.0514891468955073,1809
"88","North Carolina","Wake County","37183053208","Census Tract 532.08; Wake County; North Carolina",17.48263485,13809,4308,4146,630,3994,0,1.2,156,0.0456224201607647,0.289231660511261,0.0112969802302846,0,5169.6
"89","North Carolina","Wake County","37183053209","Census Tract 532.09; Wake County; North Carolina",23.16503119,2458,986,874,180,413,0,0,116,0.0732302685109845,0.168022782750203,0.0471928397070789,0,0
"90","North Carolina","Wake County","37183053210","Census Tract 532.10; Wake County; North Carolina",4.906950241,5856,1880,1880,112,1290,27,6.2,140,0.0191256830601093,0.220286885245902,0.0239071038251366,0.0143617021276596,11656
"91","North Carolina","Wake County","37183053211","Census Tract 532.11; Wake County; North Carolina",5.395124482,8062,2393,2393,198,1028,101,0,46,0.0245596626147358,0.127511783676507,0.00570578020342347,0.0422064354366903,0
"92","North Carolina","Wake County","37183053405","Census Tract 534.05; Wake County; North Carolina",3.061933262,4591,2148,2009,428,951,195,0.5,108,0.0932258767153126,0.207144412981921,0.0235242866477892,0.0970632155301145,1074
"93","North Carolina","Wake County","37183053408","Census Tract 534.08; Wake County; North Carolina",1.066530713,4024,1264,1229,306,1818,9,1.5,63,0.0760437375745527,0.451789264413519,0.0156560636182903,0.00732302685109845,1896
"94","North Carolina","Wake County","37183053409","Census Tract 534.09; Wake County; North Carolina",2.18037282,6948,2384,2310,181,2768,0,0,115,0.0260506620610248,0.398388025331031,0.0165515256188831,0,0
"95","North Carolina","Wake County","37183053410","Census Tract 534.10; Wake County; North Carolina",1.767724377,6296,2075,2032,361,3360,61,0,116,0.0573379923761118,0.533672172808132,0.0184243964421855,0.0300196850393701,0
"96","North Carolina","Wake County","37183053411","Census Tract 534.11; Wake County; North Carolina",7.553425782,14778,4546,4334,819,8380,126,2.6,623,0.0554202192448234,0.56705914196779,0.0421572607930708,0.0290724503922473,11819.6
"97","North Carolina","Wake County","37183053415","Census Tract 534.15; Wake County; North Carolina",1.832624649,5065,1888,1712,388,2234,63,2.1,127,0.076604146100691,0.44106614017769,0.0250740375123396,0.0367990654205607,3964.8
"98","North Carolina","Wake County","37183053417","Census Tract 534.17; Wake County; North Carolina",3.611194631,5031,2111,1970,1068,1603,190,3.2,54,0.212283840190817,0.318624527926854,0.0107334525939177,0.0964467005076142,6755.2
"99","North Carolina","Wake County","37183053419","Census Tract 534.19; Wake County; North Carolina",1.896035339,3891,1168,1134,86,1462,0,0.7,18,0.0221022873297353,0.3757388846055,0.0046260601387818,0,817.6
"100","North Carolina","Wake County","37183053421","Census Tract 534.21; Wake County; North Carolina",2.682081481,5368,2102,1944,408,1689,16,1.1,112,0.0760059612518629,0.314642324888227,0.0208643815201192,0.00823045267489712,2312.2
"101","North Carolina","Wake County","37183053422","Census Tract 534.22; Wake County; North Carolina",0.594220244,2288,765,730,41,499,8,3.6,7,0.0179195804195804,0.218094405594406,0.00305944055944056,0.010958904109589,2754
"102","North Carolina","Wake County","37183053423","Census Tract 534.23; Wake County; North Carolina",0.614824192,1968,978,919,149,385,19,2.2,0,0.0757113821138211,0.195630081300813,0,0.0206746463547334,2151.6
"103","North Carolina","Wake County","37183053424","Census Tract 534.24; Wake County; North Carolina",1.249256573,4950,1636,1585,149,1804,21,0.5,12,0.0301010101010101,0.364444444444444,0.00242424242424242,0.0132492113564669,818
"104","North Carolina","Wake County","37183053425","Census Tract 534.25; Wake County; North Carolina",0.790870873,3265,1166,1087,36,1848,15,3.1,8,0.0110260336906585,0.566003062787136,0.00245022970903522,0.0137994480220791,3614.6
"105","North Carolina","Wake County","37183053426","Census Tract 534.26; Wake County; North Carolina",7.738538525,6618,2192,2037,785,4778,74,0.8,72,0.1186158960411,0.721970383801753,0.0108794197642792,0.0363279332351497,1753.6
"106","North Carolina","Wake County","37183053427","Census Tract 534.27; Wake County; North Carolina",2.945504976,5426,1989,1803,347,1699,11,3.4,33,0.0639513453741246,0.313122005160339,0.00608182823442683,0.00610094287298946,6762.6
"107","North Carolina","Wake County","37183053428","Census Tract 534.28; Wake County; North Carolina",17.96433957,13657,4420,4341,618,4704,62,0.5,159,0.0452515193673574,0.344438749359303,0.011642381196456,0.0142824234047454,2210
"108","North Carolina","Wake County","37183053429","Census Tract 534.29; Wake County; North Carolina",1.33405963,2717,1349,1222,260,543,0,0,0,0.0956937799043062,0.199852778800147,0,0,0
"109","North Carolina","Wake County","37183053430","Census Tract 534.30; Wake County; North Carolina",1.614064276,4658,1748,1683,452,1837,39,3.9,94,0.0970373550880206,0.394375268355517,0.0201803349076857,0.0231729055258467,6817.2
"110","North Carolina","Wake County","37183053431","Census Tract 534.31; Wake County; North Carolina",4.510340089,4922,1829,1658,744,2256,79,4.7,363,0.1511580658269,0.458350264120276,0.0737505079236083,0.0476477683956574,8596.3
"111","North Carolina","Wake County","37183053432","Census Tract 534.32; Wake County; North Carolina",6.8183563,2880,942,942,219,781,7,4.1,113,0.0760416666666667,0.271180555555556,0.0392361111111111,0.00743099787685775,3862.2
"112","North Carolina","Wake County","37183053433","Census Tract 534.33; Wake County; North Carolina",1.270948556,5930,2098,2080,275,438,9,0,0,0.0463743676222597,0.0738617200674536,0,0.00432692307692308,0
"113","North Carolina","Wake County","37183053434","Census Tract 534.34; Wake County; North Carolina",1.067786703,4580,1628,1585,396,1714,34,1.1,192,0.0864628820960699,0.374235807860262,0.0419213973799127,0.0214511041009464,1790.8
"114","North Carolina","Wake County","37183053435","Census Tract 534.35; Wake County; North Carolina",1.16846473,4214,1850,1850,123,1067,36,3.7,49,0.0291884195538681,0.253203607024205,0.0116279069767442,0.0194594594594595,6845
"115","North Carolina","Wake County","37183053436","Census Tract 534.36; Wake County; North Carolina",1.416010938,3294,1651,1373,141,980,0,3,64,0.0428051001821494,0.297510625379478,0.0194292653309047,0,4953
"116","North Carolina","Wake County","37183053505","Census Tract 535.05; Wake County; North Carolina",1.588903167,3162,1434,1314,294,587,16,0.5,45,0.0929791271347249,0.185641998734978,0.0142314990512334,0.0121765601217656,717
"117","North Carolina","Wake County","37183053506","Census Tract 535.06; Wake County; North Carolina",2.288638138,5981,2579,2481,566,1214,177,1.2,214,0.0946330045142953,0.20297609095469,0.0357799699046982,0.0713422007255139,3094.8
"118","North Carolina","Wake County","37183053507","Census Tract 535.07; Wake County; North Carolina",1.112531291,3718,1785,1760,457,1116,193,0.7,152,0.122915545992469,0.300161377084454,0.0408821947283486,0.109659090909091,1249.5
"119","North Carolina","Wake County","37183053509","Census Tract 535.09; Wake County; North Carolina",2.548490189,5699,2024,2024,213,1493,19,0.5,25,0.0373749780663274,0.261975785225478,0.00438673451482716,0.00938735177865613,1012
"120","North Carolina","Wake County","37183053512","Census Tract 535.12; Wake County; North Carolina",3.512417385,7106,3855,3423,220,2036,56,0.6,41,0.0309597523219814,0.286518435125246,0.00576977202364199,0.016359918200409,2313
"121","North Carolina","Wake County","37183053513","Census Tract 535.13; Wake County; North Carolina",0.975267397,4161,2038,1690,521,2282,83,5.3,277,0.125210285988945,0.548425859168469,0.0665705359288633,0.049112426035503,10801.4
"122","North Carolina","Wake County","37183053516","Census Tract 535.16; Wake County; North Carolina",1.016352511,3501,1640,1489,571,1314,74,2.4,87,0.163096258211939,0.375321336760925,0.0248500428449015,0.0496977837474815,3936
"123","North Carolina","Wake County","37183053517","Census Tract 535.17; Wake County; North Carolina",1.578420497,4583,1706,1583,1008,2719,56,7.5,501,0.219943268601353,0.593279511237181,0.109317041239363,0.0353758686039166,12795
"124","North Carolina","Wake County","37183053518","Census Tract 535.18; Wake County; North Carolina",1.083370166,4164,1809,1702,410,666,12,0.7,137,0.0984630163304515,0.159942363112392,0.0329010566762728,0.00705052878965922,1266.3
"125","North Carolina","Wake County","37183053519","Census Tract 535.19; Wake County; North Carolina",0.798577855,3506,1882,1545,811,1510,106,1,184,0.231317741015402,0.430690245293782,0.0524814603536794,0.0686084142394822,1882
"126","North Carolina","Wake County","37183053520","Census Tract 535.20; Wake County; North Carolina",1.336177014,6329,2873,2690,1093,2366,95,3.9,120,0.172697108547954,0.373834729025122,0.0189603412861431,0.0353159851301115,11204.7
"127","North Carolina","Wake County","37183053521","Census Tract 535.21; Wake County; North Carolina",4.241851708,3884,1596,1573,558,1120,0,1.8,107,0.143666323377961,0.288362512873326,0.0275489186405767,0,2872.8
"128","North Carolina","Wake County","37183053522","Census Tract 535.22; Wake County; North Carolina",2.393579503,7699,4000,3293,315,3605,121,3.3,29,0.0409144044681127,0.468242628912846,0.0037667229510326,0.0367446097783176,13200
"129","North Carolina","Wake County","37183053523","Census Tract 535.23; Wake County; North Carolina",2.090436537,5891,2439,2171,763,2353,30,1.9,74,0.129519606178917,0.399422848412833,0.01256153454422,0.0138185168125288,4634.1
"130","North Carolina","Wake County","37183053524","Census Tract 535.24; Wake County; North Carolina",0.936447157576,3611,1861,1787,404,1373,67,0,102,0.111880365549709,0.380227083910274,0.0282470229853226,0.0374930050363738,0
"131","North Carolina","Wake County","37183053525","Census Tract 535.25; Wake County; North Carolina",0.982558933,3586,1415,1392,265,1102,8,0.6,62,0.0738984941438929,0.307306190741774,0.0172894590072504,0.00574712643678161,849
"132","North Carolina","Wake County","37183053603","Census Tract 536.03; Wake County; North Carolina",1.791973514,4847,1685,1601,183,2296,36,0,68,0.0377553125644729,0.473695069114916,0.0140292964720446,0.0224859462835728,0
"133","North Carolina","Wake County","37183053604","Census Tract 536.04; Wake County; North Carolina",1.247035715,4369,1612,1589,171,2035,23,1.8,39,0.0391393911650263,0.465781643396658,0.00892652780956741,0.0144745122718691,2901.6
"134","North Carolina","Wake County","37183053608","Census Tract 536.08; Wake County; North Carolina",2.397257511,8647,3130,2984,652,6163,74,1.1,169,0.0754018734821325,0.712732739678501,0.0195443506418411,0.024798927613941,3443
"135","North Carolina","Wake County","37183053609","Census Tract 536.09; Wake County; North Carolina",5.82383361,1699,836,672,299,1178,23,7,108,0.175985874043555,0.693349028840494,0.0635668040023543,0.0342261904761905,5852
"136","North Carolina","Wake County","37183053611","Census Tract 536.11; Wake County; North Carolina",1.405310507,7344,2658,2571,269,4799,79,6.2,253,0.0366285403050109,0.653458605664488,0.0344498910675381,0.0307273434461299,16479.6
"137","North Carolina","Wake County","37183053612","Census Tract 536.12; Wake County; North Carolina",0.948492768,3089,1179,1005,202,2281,5,6.7,0,0.0653933311751376,0.73842667529945,0,0.00497512437810945,7899.3
"138","North Carolina","Wake County","37183053613","Census Tract 536.13; Wake County; North Carolina",1.534133826,4054,2364,2200,455,1263,161,3.4,32,0.112234829797731,0.311544153922052,0.00789343857918106,0.0731818181818182,8037.6
"139","North Carolina","Wake County","37183053614","Census Tract 536.14; Wake County; North Carolina",0.951554557,2909,1179,1112,172,800,59,0,28,0.0591268477139911,0.275008594018563,0.00962530079064971,0.0530575539568345,0
"140","North Carolina","Wake County","37183053615","Census Tract 536.15; Wake County; North Carolina",1.90398402,4454,2567,2382,395,2604,59,1.2,69,0.0886843286933094,0.584643017512348,0.0154916928603502,0.0247691015952981,3080.4
"141","North Carolina","Wake County","37183053616","Census Tract 536.16; Wake County; North Carolina",1.562989159,5002,2412,2211,580,2131,118,1.6,44,0.115953618552579,0.426029588164734,0.00879648140743703,0.0533695160560832,3859.2
"142","North Carolina","Wake County","37183053617","Census Tract 536.17; Wake County; North Carolina",2.590750984,10650,3862,3752,1292,5658,0,0.4,83,0.12131455399061,0.531267605633803,0.00779342723004695,0,1544.8
"143","North Carolina","Wake County","37183053618","Census Tract 536.18; Wake County; North Carolina",1.459759384,4390,2073,1824,197,3594,26,4.2,0,0.044874715261959,0.818678815489749,0,0.0142543859649123,8706.6
"144","North Carolina","Wake County","37183053619","Census Tract 536.19; Wake County; North Carolina",2.159632579,622,328,282,60,455,4,18.8,7,0.0964630225080386,0.731511254019293,0.0112540192926045,0.0141843971631206,6166.4
"145","North Carolina","Wake County","37183053620","Census Tract 536.20; Wake County; North Carolina",2.533177384,7552,2581,2542,384,5199,0,3.5,309,0.0508474576271186,0.688426906779661,0.040916313559322,0,9033.5
"146","North Carolina","Wake County","37183053711","Census Tract 537.11; Wake County; North Carolina",2.024543984,4603,2065,1809,135,890,0,0,47,0.0293286986747773,0.193352161633717,0.0102107321312188,0,0
"147","North Carolina","Wake County","37183053712","Census Tract 537.12; Wake County; North Carolina",1.290600375,3039,1280,1201,77,274,0,0,137,0.0253372820006581,0.0901612372490951,0.0450806186245475,0,0
"148","North Carolina","Wake County","37183053713","Census Tract 537.13; Wake County; North Carolina",0.534154742,3224,2176,1781,599,1211,13,1,41,0.185794044665012,0.375620347394541,0.0127171215880893,0.0072992700729927,2176
"149","North Carolina","Wake County","37183053714","Census Tract 537.14; Wake County; North Carolina",1.374388757,5231,2595,2265,427,1375,71,0,117,0.0816287516727203,0.262856050468362,0.0223666602943988,0.0313465783664459,0
"150","North Carolina","Wake County","37183053715","Census Tract 537.15; Wake County; North Carolina",1.269876737,3481,1627,1466,482,493,7,0.4,21,0.138465958058029,0.14162596954898,0.00603274920999713,0.00477489768076398,650.8
"151","North Carolina","Wake County","37183053716","Census Tract 537.16; Wake County; North Carolina",1.231831404,4803,2190,2053,897,1630,56,0.8,324,0.186758276077452,0.339371226316885,0.0674578388507183,0.0272771553823673,1752
"152","North Carolina","Wake County","37183053717","Census Tract 537.17; Wake County; North Carolina",2.637415271,3731,2666,2251,360,1669,105,0,141,0.0964888769766819,0.447333154650228,0.0377914768158671,0.0466459351399378,0
"153","North Carolina","Wake County","37183053718","Census Tract 537.18; Wake County; North Carolina",1.17023462129,3196,1136,1136,147,699,0,0,38,0.0459949937421777,0.218710888610763,0.0118898623279099,0,0
"154","North Carolina","Wake County","37183053719","Census Tract 537.19; Wake County; North Carolina",0.776538767154,4169,1386,1378,79,728,0,0.5,33,0.0189493883425282,0.174622211561526,0.0079155672823219,0,693
"155","North Carolina","Wake County","37183053720","Census Tract 537.20; Wake County; North Carolina",4.148600739,4405,1604,1552,117,378,13,0,11,0.0265607264472191,0.0858115777525539,0.00249716231555051,0.00837628865979381,0
"156","North Carolina","Wake County","37183053721","Census Tract 537.21; Wake County; North Carolina",4.619941705,3805,1381,1381,77,448,19,0,39,0.0202365308804205,0.117739816031537,0.0102496714848883,0.0137581462708182,0
"157","North Carolina","Wake County","37183053722","Census Tract 537.22; Wake County; North Carolina",1.207940184,5096,2516,2436,525,590,202,0,34,0.103021978021978,0.115777080062794,0.00667189952904239,0.0829228243021346,0
"158","North Carolina","Wake County","37183053723","Census Tract 537.23; Wake County; North Carolina",0.978970501346,3582,1917,1685,369,868,74,2,309,0.103015075376884,0.242322724734785,0.0862646566164154,0.0439169139465875,3834
"159","North Carolina","Wake County","37183053724","Census Tract 537.24; Wake County; North Carolina",2.263860042046,5279,2490,2183,361,1400,111,0,65,0.0683841636673612,0.26520174275431,0.0123129380564501,0.0508474576271186,0
"160","North Carolina","Wake County","37183053725","Census Tract 537.25; Wake County; North Carolina",1.624130341,5380,2566,2243,529,1379,34,0,11,0.0983271375464684,0.25631970260223,0.00204460966542751,0.0151582701738743,0
"161","North Carolina","Wake County","37183053726","Census Tract 537.26; Wake County; North Carolina",0.882271642,3344,1659,1451,539,1422,0,3.6,67,0.161184210526316,0.425239234449761,0.0200358851674641,0,5972.4
"162","North Carolina","Wake County","37183053727","Census Tract 537.27; Wake County; North Carolina",2.175077432,5289,2547,2304,446,2144,162,0,198,0.0843259595386652,0.4053696350917,0.0374361883153715,0.0703125,0
"163","North Carolina","Wake County","37183053728","Census Tract 537.28; Wake County; North Carolina",0.470722045,2696,1753,1496,382,1278,167,5.7,279,0.141691394658754,0.474035608308605,0.103486646884273,0.111631016042781,9992.1
"164","North Carolina","Wake County","37183053729","Census Tract 537.29; Wake County; North Carolina",1.345015275,4758,2096,1958,374,728,36,1.1,20,0.078604455653636,0.153005464480874,0.00420344682639765,0.0183861082737487,2305.6
"165","North Carolina","Wake County","37183053730","Census Tract 537.30; Wake County; North Carolina",0.311035277,2879,1428,1270,847,1552,11,6,96,0.294199374782911,0.539076068079194,0.033344911427579,0.00866141732283465,8568
"166","North Carolina","Wake County","37183053803","Census Tract 538.03; Wake County; North Carolina",4.58753655,4122,1453,1397,99,459,0,0,0,0.0240174672489083,0.111353711790393,0,0,0
"167","North Carolina","Wake County","37183053804","Census Tract 538.04; Wake County; North Carolina",11.142346960916,3610,1460,1230,221,637,9,0,95,0.061218836565097,0.176454293628809,0.0263157894736842,0.00731707317073171,0
"168","North Carolina","Wake County","37183053805","Census Tract 538.05; Wake County; North Carolina",4.020667772,1838,799,733,165,142,6,0,28,0.0897714907508161,0.0772578890097933,0.015233949945593,0.00818553888130969,0
"169","North Carolina","Wake County","37183053806","Census Tract 538.06; Wake County; North Carolina",4.032557783,3077,1188,1114,94,277,17,0,2,0.0305492362690933,0.0900227494312642,0.00064998375040624,0.0152603231597846,0
"170","North Carolina","Wake County","37183053807","Census Tract 538.07; Wake County; North Carolina",3.611953708,4949,1891,1742,290,1383,19,0.4,119,0.0585976965043443,0.279450394018994,0.024045261669024,0.0109070034443169,756.4
"171","North Carolina","Wake County","37183053808","Census Tract 538.08; Wake County; North Carolina",7.798838004,5293,2027,1923,82,853,15,0,21,0.0154921594558851,0.161156244095976,0.00396750425089741,0.0078003120124805,0
"172","North Carolina","Wake County","37183053901","Census Tract 539.01; Wake County; North Carolina",10.80811506,4377,1573,1442,201,1000,4,0,58,0.04592186429061,0.228466986520448,0.013251085218186,0.00277392510402219,0
"173","North Carolina","Wake County","37183053902","Census Tract 539.02; Wake County; North Carolina",31.03630502,6018,2303,2223,485,1120,12,0.6,185,0.0805915586573613,0.186108341641741,0.0307411100033234,0.00539811066126856,1381.8
"174","North Carolina","Wake County","37183054001","Census Tract 540.01; Wake County; North Carolina",1.340365448,5446,3190,2673,618,1701,155,0,15,0.113477781858245,0.312339331619537,0.00275431509364671,0.0579872802095024,0
"175","North Carolina","Wake County","37183054004","Census Tract 540.04; Wake County; North Carolina",1.007149384,4596,2665,2298,614,1716,223,3,152,0.133594429939077,0.373368146214099,0.0330722367275892,0.0970409051348999,7995
"176","North Carolina","Wake County","37183054006","Census Tract 540.06; Wake County; North Carolina",0.852568814688,3320,1467,1287,857,1334,91,9.2,153,0.258132530120482,0.401807228915663,0.0460843373493976,0.0707070707070707,13496.4
"177","North Carolina","Wake County","37183054007","Census Tract 540.07; Wake County; North Carolina",1.304690782,4479,2365,2174,701,1365,41,2,122,0.156508149140433,0.304755525787006,0.0272382228175932,0.0188592456301748,4730
"178","North Carolina","Wake County","37183054008","Census Tract 540.08; Wake County; North Carolina",0.863289709,6593,3078,2583,1856,5112,208,13.3,453,0.281510693159412,0.775367814348552,0.0687092370696193,0.0805265195509098,40937.4
"179","North Carolina","Wake County","37183054011","Census Tract 540.11; Wake County; North Carolina",1.128246029,2774,1134,1100,83,223,0,0,32,0.0299206921413122,0.0803893294881038,0.0115356885364095,0,0
"180","North Carolina","Wake County","37183054012","Census Tract 540.12; Wake County; North Carolina",1.939096522,3747,1599,1562,121,581,9,0,64,0.0322925006672004,0.155057379236723,0.0170803309314118,0.0057618437900128,0
"181","North Carolina","Wake County","37183054015","Census Tract 540.15; Wake County; North Carolina",1.848609658,4721,2011,1842,1968,3199,85,7.3,136,0.416860834568947,0.6776106757043,0.0288074560474476,0.0461454940282302,14680.3
"182","North Carolina","Wake County","37183054016","Census Tract 540.16; Wake County; North Carolina",2.349357697,6764,2775,2674,367,1687,30,1.6,29,0.0542578356002365,0.249408633944412,0.00428740390301597,0.0112191473448018,4440
"183","North Carolina","Wake County","37183054017","Census Tract 540.17; Wake County; North Carolina",1.127161854,2882,1397,1222,313,1469,131,2.9,293,0.108605135322693,0.50971547536433,0.101665510062457,0.107201309328969,4051.3
"184","North Carolina","Wake County","37183054018","Census Tract 540.18; Wake County; North Carolina",2.065437977,4173,2055,1852,1103,3200,156,2.1,162,0.264318236280853,0.766834411694225,0.0388209920920201,0.0842332613390929,4315.5
"185","North Carolina","Wake County","37183054019","Census Tract 540.19; Wake County; North Carolina",1.493083075,4949,2126,1834,525,1131,26,1.7,177,0.106082036775106,0.228531016366943,0.0357648009698929,0.0141766630316249,3614.2
"186","North Carolina","Wake County","37183054020","Census Tract 540.20; Wake County; North Carolina",2.494167182,4446,2043,1878,440,1126,121,1.3,18,0.0989653621232569,0.253261358524516,0.00404858299595142,0.064430244941427,2655.9
"187","North Carolina","Wake County","37183054021","Census Tract 540.21; Wake County; North Carolina",0.757088107,2790,927,927,32,526,0,0,2,0.0114695340501792,0.188530465949821,0.000716845878136201,0,0
"188","North Carolina","Wake County","37183054022","Census Tract 540.22; Wake County; North Carolina",1.853600412,4815,1879,1765,1587,3708,37,4.1,254,0.329595015576324,0.770093457943925,0.0527518172377985,0.0209631728045326,7703.9
"189","North Carolina","Wake County","37183054023","Census Tract 540.23; Wake County; North Carolina",2.248956891,7319,3200,2826,792,5710,200,0,272,0.108211504303867,0.780161224210958,0.0371635469326411,0.0707714083510262,0
"190","North Carolina","Wake County","37183054106","Census Tract 541.06; Wake County; North Carolina",5.64251818,9076,3213,2972,1698,7394,201,4.7,1164,0.187086822388717,0.814676068752755,0.128250330542089,0.0676312247644684,15101.1
"191","North Carolina","Wake County","37183054108","Census Tract 541.08; Wake County; North Carolina",8.220798842,8364,2861,2778,1552,5276,138,0.8,893,0.185557149689144,0.630798660927786,0.106767097082736,0.0496760259179266,2288.8
"192","North Carolina","Wake County","37183054109","Census Tract 541.09; Wake County; North Carolina",13.07510909,4103,1650,1545,498,2009,50,2.5,162,0.12137460394833,0.489641725566659,0.0394833048988545,0.0323624595469256,4125
"193","North Carolina","Wake County","37183054111","Census Tract 541.11; Wake County; North Carolina",7.546770155,2397,885,849,250,1257,43,3.3,235,0.104297037964122,0.524405506883605,0.0980392156862745,0.0506478209658422,2920.5
"194","North Carolina","Wake County","37183054112","Census Tract 541.12; Wake County; North Carolina",4.259011239,3756,1338,1332,646,2659,89,1.7,290,0.17199148029819,0.707933972310969,0.077209797657082,0.0668168168168168,2274.6
"195","North Carolina","Wake County","37183054113","Census Tract 541.13; Wake County; North Carolina",8.48619802,5255,2253,2022,1603,3307,89,1.7,292,0.305042816365366,0.62930542340628,0.0555661274976213,0.0440158259149357,3830.1
"196","North Carolina","Wake County","37183054114","Census Tract 541.14; Wake County; North Carolina",4.850678191,8594,2983,2886,1894,5741,0,11,296,0.220386316034443,0.668024202932278,0.0344426343960903,0,32813
"197","North Carolina","Wake County","37183054115","Census Tract 541.15; Wake County; North Carolina",5.439498413,8212,3645,3517,1606,4958,147,2.8,345,0.195567462250365,0.603750608865075,0.0420116902094496,0.0417969860676713,10206
"198","North Carolina","Wake County","37183054116","Census Tract 541.16; Wake County; North Carolina",3.249723622,7305,2673,2631,746,4627,21,2.1,507,0.102121834360027,0.633401779603012,0.0694045174537988,0.00798175598631699,5613.3
"199","North Carolina","Wake County","37183054117","Census Tract 541.17; Wake County; North Carolina",1.230175798,5666,2021,1976,642,3866,68,6.4,534,0.113307447935051,0.68231556653724,0.0942463819272856,0.034412955465587,12934.4
"200","North Carolina","Wake County","37183054118","Census Tract 541.18; Wake County; North Carolina",1.743987599,4562,1951,1896,440,2048,0,0,0,0.0964489259096887,0.448925909688733,0,0,0
"201","North Carolina","Wake County","37183054119","Census Tract 541.19; Wake County; North Carolina",2.558750078,8433,3427,3187,690,5108,12,0.8,501,0.0818214158662398,0.605715640934424,0.0594094628246176,0.00376529651710072,2741.6
"202","North Carolina","Wake County","37183054120","Census Tract 541.20; Wake County; North Carolina",3.075052236,1443,612,565,17,179,12,0,47,0.0117810117810118,0.124047124047124,0.0325710325710326,0.0212389380530973,0
"203","North Carolina","Wake County","37183054121","Census Tract 541.21; Wake County; North Carolina",3.135743223,9418,3192,3192,1455,5209,0,0,558,0.154491399447866,0.553089827988957,0.0592482480356764,0,0
"204","North Carolina","Wake County","37183054203","Census Tract 542.03; Wake County; North Carolina",4.748479694122,4451,1593,1585,239,1012,0,0,57,0.053695798696922,0.227364637160189,0.0128061109862952,0,0
"205","North Carolina","Wake County","37183054204","Census Tract 542.04; Wake County; North Carolina",2.631055013,4985,1908,1788,585,1301,17,0.7,64,0.117352056168506,0.26098294884654,0.0128385155466399,0.00950782997762863,1335.6
"206","North Carolina","Wake County","37183054206","Census Tract 542.06; Wake County; North Carolina",3.426329766,6222,2976,2668,652,1734,177,0,89,0.104789456766313,0.278688524590164,0.0143040822886532,0.0663418290854573,0
"207","North Carolina","Wake County","37183054212","Census Tract 542.12; Wake County; North Carolina",1.971866544,7497,3408,3265,1370,3745,218,0.4,648,0.182739762571695,0.49953314659197,0.0864345738295318,0.0667687595712098,1363.2
"208","North Carolina","Wake County","37183054213","Census Tract 542.13; Wake County; North Carolina",1.361409166,3637,1731,1317,297,900,52,0,88,0.0816607093758592,0.247456695078361,0.0241957657409953,0.0394836750189825,0
"209","North Carolina","Wake County","37183054214","Census Tract 542.14; Wake County; North Carolina",11.41397783,2412,780,767,544,556,12,6.5,76,0.225538971807629,0.230514096185738,0.0315091210613599,0.015645371577575,5070
"210","North Carolina","Wake County","37183054215","Census Tract 542.15; Wake County; North Carolina",7.778591202,4877,1690,1647,746,2424,15,0.4,80,0.152962887020709,0.497026860775067,0.016403526758253,0.00910746812386157,676
"211","North Carolina","Wake County","37183054216","Census Tract 542.16; Wake County; North Carolina",4.801080686,5246,1972,1902,291,1334,51,1.7,125,0.0554708349218452,0.254288982081586,0.0238276782310332,0.026813880126183,3352.4
"212","North Carolina","Wake County","37183054217","Census Tract 542.17; Wake County; North Carolina",2.482289527,6308,1658,1651,162,1743,0,0,110,0.0256816740646798,0.276315789473684,0.0174381737476221,0,0
"213","North Carolina","Wake County","37183054218","Census Tract 542.18; Wake County; North Carolina",3.324170266,9157,3489,3489,841,5437,27,0,429,0.0918423064322376,0.593753412689746,0.0468494048269084,0.00773860705073087,0
"214","North Carolina","Wake County","37183054219","Census Tract 542.19; Wake County; North Carolina",1.603970411,4310,1713,1651,74,754,8,0,48,0.017169373549884,0.174941995359629,0.0111368909512761,0.00484554815263477,0
"215","North Carolina","Wake County","37183054220","Census Tract 542.20; Wake County; North Carolina",5.297600136,5877,2592,2327,1230,1933,182,2,378,0.209290454313425,0.328909307469798,0.0643185298621746,0.0782122905027933,5184
"216","North Carolina","Wake County","37183054221","Census Tract 542.21; Wake County; North Carolina",10.47456888,7202,2360,2360,470,2112,0,0,237,0.0652596500971952,0.293251874479311,0.0329075256873091,0,0
"217","North Carolina","Wake County","37183054222","Census Tract 542.22; Wake County; North Carolina",3.769948577,7401,2691,2566,290,2473,19,2.7,63,0.0391838940683691,0.33414403458992,0.00851236319416295,0.00740452065471551,7265.7
"218","North Carolina","Wake County","37183054223","Census Tract 542.23; Wake County; North Carolina",1.453886386,3363,1557,1351,269,956,23,1,119,0.079988105857865,0.284269997026464,0.0353850728516206,0.0170244263508512,1557
"219","North Carolina","Wake County","37183054224","Census Tract 542.24; Wake County; North Carolina",1.581963369,5118,1928,1752,1248,2553,120,3.2,302,0.243845252051583,0.498827667057444,0.0590074247753029,0.0684931506849315,6169.6
"220","North Carolina","Wake County","37183054303","Census Tract 543.03; Wake County; North Carolina",21.11687862,2715,1221,1090,739,1574,64,0,313,0.27219152854512,0.579742173112339,0.115285451197053,0.0587155963302752,0
"221","North Carolina","Wake County","37183054304","Census Tract 543.04; Wake County; North Carolina",15.01030174,4743,1872,1792,291,2193,0,0,294,0.0613535736875395,0.462365591397849,0.0619860847564832,0,0
"222","North Carolina","Wake County","37183054305","Census Tract 543.05; Wake County; North Carolina",4.759228388,4075,1608,1561,550,1804,173,0,136,0.134969325153374,0.442699386503068,0.0333742331288344,0.110826393337604,0
"223","North Carolina","Wake County","37183054306","Census Tract 543.06; Wake County; North Carolina",10.87718832,4457,1586,1460,1805,2768,25,4.5,1239,0.404980928875926,0.621045546331613,0.277989679156383,0.0171232876712329,7137
"224","North Carolina","Wake County","37183054402","Census Tract 544.02; Wake County; North Carolina",15.67553541,8887,3384,3039,999,4515,84,4.5,547,0.112411387419827,0.508045459660178,0.0615505794981434,0.0276406712734452,15228
"225","North Carolina","Wake County","37183054403","Census Tract 544.03; Wake County; North Carolina",12.99540722,3838,1354,1321,860,1905,61,1,382,0.224075039082856,0.496352266805628,0.0995310057321522,0.0461771385314156,1354
"226","North Carolina","Wake County","37183054404","Census Tract 544.04; Wake County; North Carolina",11.23881377,7990,2838,2838,1081,4465,205,2.9,489,0.135294117647059,0.558823529411765,0.0612015018773467,0.0722339675828048,8230.2
"227","North Carolina","Wake County","37183054501","Census Tract 545.01; Wake County; North Carolina",1.410506668,5587,2839,2670,1806,2900,127,0,404,0.323250402720601,0.519062108466082,0.0723107213173438,0.0475655430711611,0
"228","North Carolina","Wake County","37183054502","Census Tract 545.02; Wake County; North Carolina",3.648848071,4098,1311,1282,950,2980,50,2.2,557,0.231820400195217,0.727183992191313,0.135919960956564,0.0390015600624025,2884.2
